Workbook
Name Slicer_Category: #N/A
Name Slicer_Influencer_Name: #N/A
Name Slicer_Platform: #N/A
Name Slicer_Region: #N/A
Name Slicer_Year: #N/A

Sheet Raw_Data
A1: Campaign_ID | B1: Influencer_Name | C1: Platform | D1: Category | E1: Followers | F1: Reach | G1: Impressions | H1: Likes | I1: Comments | J1: Shares | K1: Engagement_Rate (%) | L1: Campaign_Cost (₹) | M1: Revenue_Generated (₹) | N1: ROI (%) | O1: Start_Date | P1: End_Date | Q1: Region
A2: C0001 | B2: Vikas Gupta | C2: LinkedIn | D2: Food | E2: 1712931 | F2: 1016782 | G2: 2384921 | H2: 58091 | I2: 4354 | J2: 5367 | K2: =((H2+I2+J2)/F2)*100 -> 6.6692762 | L2: 30425 | M2: 92811 | N2: =((M2-L2)/L2)*100 -> 205.04848 | O2: 45832 | P2: 45850 | Q2: Pune
A3: C0002 | B3: Ayesha Khan | C3: LinkedIn | D3: Technology | E3: 1285909 | F3: 883088 | G3: 1408475 | H3: 120024 | I3: 11977 | J3: 8288 | K3: =((H3+I3+J3)/F3)*100 -> 15.886186 | L3: 408018 | M3: 1251028 | N3: =((M3-L3)/L3)*100 -> 206.61098 | O3: 46070 | P3: 46084 | Q3: Ahmedabad
A4: C0003 | B4: Karan Shah | C4: YouTube | D4: Travel | E4: 1563075 | F4: 874368 | G4: 1661292 | H4: 88526 | I4: 9415 | J4: 8104 | K4: =((H4+I4+J4)/F4)*100 -> 12.128189 | L4: 451981 | M4: 1338957 | N4: =((M4-L4)/L4)*100 -> 196.24188 | O4: 46132 | P4: 46148 | Q4: Delhi
A5: C0004 | B5: Rohan Singh | C5: Facebook | D5: Travel | E5: 714018 | F5: 216080 | G5: 641408 | H5: 7475 | I5: 246 | J5: 192 | K5: =((H5+I5+J5)/F5)*100 -> 3.6620696 | L5: 307259 | M5: 472370 | N5: =((M5-L5)/L5)*100 -> 53.73675 | O5: 45894 | P5: 45910 | Q5: Kolkata
A6: C0005 | B6: Arjun Desai | C6: X | D6: Technology | E6: 1966729 | F6: 1035786 | G6: 3004655 | H6: 67844 | I6: 4538 | J6: 2293 | K6: =((H6+I6+J6)/F6)*100 -> 7.2095008 | L6: 134192 | M6: 454124 | N6: =((M6-L6)/L6)*100 -> 238.41362 | O6: 46075 | P6: 46086 | Q6: Pune
A7: C0006 | B7: Tanvi Rao | C7: LinkedIn | D7: Fitness | E7: 675987 | F7: 556187 | G7: 1429308 | H7: 44880 | I7: 5150 | J7: 2532 | K7: =((H7+I7+J7)/F7)*100 -> 9.4504187 | L7: 59133 | M7: 276357 | N7: =((M7-L7)/L7)*100 -> 367.34818 | O7: 45781 | P7: 45793 | Q7: Bengaluru
A8: C0007 | B8: Tanvi Rao | C8: Instagram | D8: Travel | E8: 1189151 | F8: 563514 | G8: 847727 | H8: 36056 | I8: 2454 | J8: 1755 | K8: =((H8+I8+J8)/F8)*100 -> 7.1453416 | L8: 279743 | M8: 757257 | N8: =((M8-L8)/L8)*100 -> 170.69739 | O8: 46004 | P8: 46027 | Q8: Delhi
A9: C0008 | B9: Nikhil Patil | C9: LinkedIn | D9: Beauty | E9: 1024398 | F9: 638250 | G9: 1707216 | H9: 61721 | I9: 4240 | J9: 5968 | K9: =((H9+I9+J9)/F9)*100 -> 11.269722 | L9: 215452 | M9: 730304 | N9: =((M9-L9)/L9)*100 -> 238.96367 | O9: 46067 | P9: 46094 | Q9: Chennai
A10: C0009 | B10: Sneha Patil | C10: LinkedIn | D10: Food | E10: 121584 | F10: 105283 | G10: 268985 | H10: 8596 | I10: 761 | J10: 624 | K10: =((H10+I10+J10)/F10)*100 -> 9.480163 | L10: 494360 | M10: 1039931 | N10: =((M10-L10)/L10)*100 -> 110.35905 | O10: 45809 | P10: 45832 | Q10: Delhi
A11: C0010 | B11: Karan Shah | C11: Instagram | D11: Education | E11: 1720235 | F11: 690339 | G11: 1877705 | H11: 59205 | I11: 7731 | J11: 2883 | K11: =((H11+I11+J11)/F11)*100 -> 10.113727 | L11: 400612 | M11: 525748 | N11: =((M11-L11)/L11)*100 -> 31.236209 | O11: 45966 | P11: 45975 | Q11: Ahmedabad
A12: C0011 | B12: Pooja Nair | C12: YouTube | D12: Education | E12: 230793 | F12: 66873 | G12: 128228 | H12: 7857 | I12: 657 | J12: 267 | K12: =((H12+I12+J12)/F12)*100 -> 13.13086 | L12: 245864 | M12: 752035 | N12: =((M12-L12)/L12)*100 -> 205.87439 | O12: 45696 | P12: 45714 | Q12: Hyderabad
A13: C0012 | B13: Arjun Desai | C13: YouTube | D13: Travel | E13: 855901 | F13: 712152 | G13: 1268918 | H13: 23970 | I13: 1200 | J13: 961 | K13: =((H13+I13+J13)/F13)*100 -> 3.6693009 | L13: 416852 | M13: 574891 | N13: =((M13-L13)/L13)*100 -> 37.912497 | O13: 45861 | P13: 45887 | Q13: Delhi
... A1001: C1000 | B1001: Arjun Desai | C1001: LinkedIn | D1001: Travel | E1001: 1814424 | F1001: 527331 | G1001: 817667 | H1001: 73960 | I1001: 10867 | J1001: 3095 | K1001: =((H1001+I1001+J1001)/F1001)*100 -> 16.673019 | L1001: 77962 | M1001: 317720 | N1001: =((M1001-L1001)/L1001)*100 -> 307.53187 | O1001: 45906 | P1001: 45915 | Q1001: Mumbai

Sheet Clean_Data
A1: Campaign_ID | B1: Influencer_Name | C1: Platform | D1: Category | E1: Followers | F1: Reach | G1: Impressions | H1: Likes | I1: Comments | J1: Shares | K1: Engagement_Rate (%) | L1: Campaign_Cost (₹) | M1: Revenue_Generated (₹) | N1: ROI (%) | O1: Start_Date | P1: End_Date | Q1: Region | R1: Campaign_Duration | S1: Month | T1: Year | U1: Cost_Per_Reach | V1: Revenue_Per_Reach
A2: C0001 | B2: Vikas Gupta | C2: LinkedIn | D2: Food | E2: 1712931 | F2: 1016782 | G2: 2384921 | H2: 58091 | I2: 4354 | J2: 5367 | K2: =((H2+I2+J2)/F2)*100 -> 6.6692762 | L2: 30425 | M2: 92811 | N2: =((M2-L2)/L2)*100 -> 205.04848 | O2: 45832 | P2: 45850 | Q2: Pune | R2: =Table2[[#This Row],[End_Date]]-Table2[[#This Row],[Start_Date]] -> 18 | S2: =TEXT(Table2[[#This Row],[Start_Date]],"MMM") -> Jun | T2: =YEAR(Table2[[#This Row],[Start_Date]]) -> 2025 | U2: =Table2[[#This Row],[Campaign_Cost (₹)]]/Table2[[#This Row],[Reach]] -> 0.029922835 | V2: =Table2[[#This Row],[Revenue_Generated (₹)]]/Table2[[#This Row],[Reach]] -> 0.091279153
A3: C0002 | B3: Ayesha Khan | C3: LinkedIn | D3: Technology | E3: 1285909 | F3: 883088 | G3: 1408475 | H3: 120024 | I3: 11977 | J3: 8288 | K3: =((H3+I3+J3)/F3)*100 -> 15.886186 | L3: 408018 | M3: 1251028 | N3: =((M3-L3)/L3)*100 -> 206.61098 | O3: 46070 | P3: 46084 | Q3: Ahmedabad | R3: =Table2[[#This Row],[End_Date]]-Table2[[#This Row],[Start_Date]] -> 14 | S3: =TEXT(Table2[[#This Row],[Start_Date]],"MMM") -> Feb | T3: =YEAR(Table2[[#This Row],[Start_Date]]) -> 2026 | U3: =Table2[[#This Row],[Campaign_Cost (₹)]]/Table2[[#This Row],[Reach]] -> 0.46203549 | V3: =Table2[[#This Row],[Revenue_Generated (₹)]]/Table2[[#This Row],[Reach]] -> 1.4166516
A4: C0003 | B4: Karan Shah | C4: YouTube | D4: Travel | E4: 1563075 | F4: 874368 | G4: 1661292 | H4: 88526 | I4: 9415 | J4: 8104 | K4: =((H4+I4+J4)/F4)*100 -> 12.128189 | L4: 451981 | M4: 1338957 | N4: =((M4-L4)/L4)*100 -> 196.24188 | O4: 46132 | P4: 46148 | Q4: Delhi | R4: =Table2[[#This Row],[End_Date]]-Table2[[#This Row],[Start_Date]] -> 16 | S4: =TEXT(Table2[[#This Row],[Start_Date]],"MMM") -> Apr | T4: =YEAR(Table2[[#This Row],[Start_Date]]) -> 2026 | U4: =Table2[[#This Row],[Campaign_Cost (₹)]]/Table2[[#This Row],[Reach]] -> 0.51692308 | V4: =Table2[[#This Row],[Revenue_Generated (₹)]]/Table2[[#This Row],[Reach]] -> 1.5313426
A5: C0004 | B5: Rohan Singh | C5: Facebook | D5: Travel | E5: 714018 | F5: 216080 | G5: 641408 | H5: 7475 | I5: 246 | J5: 192 | K5: =((H5+I5+J5)/F5)*100 -> 3.6620696 | L5: 307259 | M5: 472370 | N5: =((M5-L5)/L5)*100 -> 53.73675 | O5: 45894 | P5: 45910 | Q5: Kolkata | R5: =Table2[[#This Row],[End_Date]]-Table2[[#This Row],[Start_Date]] -> 16 | S5: =TEXT(Table2[[#This Row],[Start_Date]],"MMM") -> Aug | T5: =YEAR(Table2[[#This Row],[Start_Date]]) -> 2025 | U5: =Table2[[#This Row],[Campaign_Cost (₹)]]/Table2[[#This Row],[Reach]] -> 1.4219687 | V5: =Table2[[#This Row],[Revenue_Generated (₹)]]/Table2[[#This Row],[Reach]] -> 2.1860885
A6: C0005 | B6: Arjun Desai | C6: X | D6: Technology | E6: 1966729 | F6: 1035786 | G6: 3004655 | H6: 67844 | I6: 4538 | J6: 2293 | K6: =((H6+I6+J6)/F6)*100 -> 7.2095008 | L6: 134192 | M6: 454124 | N6: =((M6-L6)/L6)*100 -> 238.41362 | O6: 46075 | P6: 46086 | Q6: Pune | R6: =Table2[[#This Row],[End_Date]]-Table2[[#This Row],[Start_Date]] -> 11 | S6: =TEXT(Table2[[#This Row],[Start_Date]],"MMM") -> Feb | T6: =YEAR(Table2[[#This Row],[Start_Date]]) -> 2026 | U6: =Table2[[#This Row],[Campaign_Cost (₹)]]/Table2[[#This Row],[Reach]] -> 0.12955572 | V6: =Table2[[#This Row],[Revenue_Generated (₹)]]/Table2[[#This Row],[Reach]] -> 0.43843419
A7: C0006 | B7: Tanvi Rao | C7: LinkedIn | D7: Fitness | E7: 675987 | F7: 556187 | G7: 1429308 | H7: 44880 | I7: 5150 | J7: 2532 | K7: =((H7+I7+J7)/F7)*100 -> 9.4504187 | L7: 59133 | M7: 276357 | N7: =((M7-L7)/L7)*100 -> 367.34818 | O7: 45781 | P7: 45793 | Q7: Bengaluru | R7: =Table2[[#This Row],[End_Date]]-Table2[[#This Row],[Start_Date]] -> 12 | S7: =TEXT(Table2[[#This Row],[Start_Date]],"MMM") -> May | T7: =YEAR(Table2[[#This Row],[Start_Date]]) -> 2025 | U7: =Table2[[#This Row],[Campaign_Cost (₹)]]/Table2[[#This Row],[Reach]] -> 0.10631856 | V7: =Table2[[#This Row],[Revenue_Generated (₹)]]/Table2[[#This Row],[Reach]] -> 0.49687785
A8: C0007 | B8: Tanvi Rao | C8: Instagram | D8: Travel | E8: 1189151 | F8: 563514 | G8: 847727 | H8: 36056 | I8: 2454 | J8: 1755 | K8: =((H8+I8+J8)/F8)*100 -> 7.1453416 | L8: 279743 | M8: 757257 | N8: =((M8-L8)/L8)*100 -> 170.69739 | O8: 46004 | P8: 46027 | Q8: Delhi | R8: =Table2[[#This Row],[End_Date]]-Table2[[#This Row],[Start_Date]] -> 23 | S8: =TEXT(Table2[[#This Row],[Start_Date]],"MMM") -> Dec | T8: =YEAR(Table2[[#This Row],[Start_Date]]) -> 2025 | U8: =Table2[[#This Row],[Campaign_Cost (₹)]]/Table2[[#This Row],[Reach]] -> 0.496426 | V8: =Table2[[#This Row],[Revenue_Generated (₹)]]/Table2[[#This Row],[Reach]] -> 1.3438122
A9: C0008 | B9: Nikhil Patil | C9: LinkedIn | D9: Beauty | E9: 1024398 | F9: 638250 | G9: 1707216 | H9: 61721 | I9: 4240 | J9: 5968 | K9: =((H9+I9+J9)/F9)*100 -> 11.269722 | L9: 215452 | M9: 730304 | N9: =((M9-L9)/L9)*100 -> 238.96367 | O9: 46067 | P9: 46094 | Q9: Chennai | R9: =Table2[[#This Row],[End_Date]]-Table2[[#This Row],[Start_Date]] -> 27 | S9: =TEXT(Table2[[#This Row],[Start_Date]],"MMM") -> Feb | T9: =YEAR(Table2[[#This Row],[Start_Date]]) -> 2026 | U9: =Table2[[#This Row],[Campaign_Cost (₹)]]/Table2[[#This Row],[Reach]] -> 0.33756678 | V9: =Table2[[#This Row],[Revenue_Generated (₹)]]/Table2[[#This Row],[Reach]] -> 1.1442288
A10: C0009 | B10: Sneha Patil | C10: LinkedIn | D10: Food | E10: 121584 | F10: 105283 | G10: 268985 | H10: 8596 | I10: 761 | J10: 624 | K10: =((H10+I10+J10)/F10)*100 -> 9.480163 | L10: 494360 | M10: 1039931 | N10: =((M10-L10)/L10)*100 -> 110.35905 | O10: 45809 | P10: 45832 | Q10: Delhi | R10: =Table2[[#This Row],[End_Date]]-Table2[[#This Row],[Start_Date]] -> 23 | S10: =TEXT(Table2[[#This Row],[Start_Date]],"MMM") -> Jun | T10: =YEAR(Table2[[#This Row],[Start_Date]]) -> 2025 | U10: =Table2[[#This Row],[Campaign_Cost (₹)]]/Table2[[#This Row],[Reach]] -> 4.6955349 | V10: =Table2[[#This Row],[Revenue_Generated (₹)]]/Table2[[#This Row],[Reach]] -> 9.8774826
A11: C0010 | B11: Karan Shah | C11: Instagram | D11: Education | E11: 1720235 | F11: 690339 | G11: 1877705 | H11: 59205 | I11: 7731 | J11: 2883 | K11: =((H11+I11+J11)/F11)*100 -> 10.113727 | L11: 400612 | M11: 525748 | N11: =((M11-L11)/L11)*100 -> 31.236209 | O11: 45966 | P11: 45975 | Q11: Ahmedabad | R11: =Table2[[#This Row],[End_Date]]-Table2[[#This Row],[Start_Date]] -> 9 | S11: =TEXT(Table2[[#This Row],[Start_Date]],"MMM") -> Nov | T11: =YEAR(Table2[[#This Row],[Start_Date]]) -> 2025 | U11: =Table2[[#This Row],[Campaign_Cost (₹)]]/Table2[[#This Row],[Reach]] -> 0.58031199 | V11: =Table2[[#This Row],[Revenue_Generated (₹)]]/Table2[[#This Row],[Reach]] -> 0.76157946
A12: C0011 | B12: Pooja Nair | C12: YouTube | D12: Education | E12: 230793 | F12: 66873 | G12: 128228 | H12: 7857 | I12: 657 | J12: 267 | K12: =((H12+I12+J12)/F12)*100 -> 13.13086 | L12: 245864 | M12: 752035 | N12: =((M12-L12)/L12)*100 -> 205.87439 | O12: 45696 | P12: 45714 | Q12: Hyderabad | R12: =Table2[[#This Row],[End_Date]]-Table2[[#This Row],[Start_Date]] -> 18 | S12: =TEXT(Table2[[#This Row],[Start_Date]],"MMM") -> Feb | T12: =YEAR(Table2[[#This Row],[Start_Date]]) -> 2025 | U12: =Table2[[#This Row],[Campaign_Cost (₹)]]/Table2[[#This Row],[Reach]] -> 3.676581 | V12: =Table2[[#This Row],[Revenue_Generated (₹)]]/Table2[[#This Row],[Reach]] -> 11.245719
A13: C0012 | B13: Arjun Desai | C13: YouTube | D13: Travel | E13: 855901 | F13: 712152 | G13: 1268918 | H13: 23970 | I13: 1200 | J13: 961 | K13: =((H13+I13+J13)/F13)*100 -> 3.6693009 | L13: 416852 | M13: 574891 | N13: =((M13-L13)/L13)*100 -> 37.912497 | O13: 45861 | P13: 45887 | Q13: Delhi | R13: =Table2[[#This Row],[End_Date]]-Table2[[#This Row],[Start_Date]] -> 26 | S13: =TEXT(Table2[[#This Row],[Start_Date]],"MMM") -> Jul | T13: =YEAR(Table2[[#This Row],[Start_Date]]) -> 2025 | U13: =Table2[[#This Row],[Campaign_Cost (₹)]]/Table2[[#This Row],[Reach]] -> 0.58534133 | V13: =Table2[[#This Row],[Revenue_Generated (₹)]]/Table2[[#This Row],[Reach]] -> 0.80725884
... A1001: C1000 | B1001: Arjun Desai | C1001: LinkedIn | D1001: Travel | E1001: 1814424 | F1001: 527331 | G1001: 817667 | H1001: 73960 | I1001: 10867 | J1001: 3095 | K1001: =((H1001+I1001+J1001)/F1001)*100 -> 16.673019 | L1001: 77962 | M1001: 317720 | N1001: =((M1001-L1001)/L1001)*100 -> 307.53187 | O1001: 45906 | P1001: 45915 | Q1001: Mumbai | R1001: =Table2[[#This Row],[End_Date]]-Table2[[#This Row],[Start_Date]] -> 9 | S1001: =TEXT(Table2[[#This Row],[Start_Date]],"MMM") -> Sep | T1001: =YEAR(Table2[[#This Row],[Start_Date]]) -> 2025 | U1001: =Table2[[#This Row],[Campaign_Cost (₹)]]/Table2[[#This Row],[Reach]] -> 0.14784263 | V1001: =Table2[[#This Row],[Revenue_Generated (₹)]]/Table2[[#This Row],[Reach]] -> 0.60250583

Sheet Pivot_Tables
E4: Row Labels | F4: Sum of Reach | H4: Row Labels | I4: Sum of Revenue_Generated (₹)
B5: Row Labels | C5: Sum of Revenue_Generated (₹) | E5: Ahmedabad | F5: 71356960 | H5: Jan | I5: 84105822
B6: Facebook | C6: 147162118 | E6: Bengaluru | F6: 78435478 | H6: Feb | I6: 100401244
B7: Instagram | C7: 147803218 | E7: Chennai | F7: 73903516 | H7: Mar | I7: 86105584
B8: LinkedIn | C8: 157787409 | E8: Delhi | F8: 82890932 | H8: Apr | I8: 99589498
B9: X | C9: 153652781 | E9: Hyderabad | F9: 61234983 | H9: May | I9: 79853044
B10: YouTube | C10: 165417102 | E10: Kolkata | F10: 77736453 | H10: Jun | I10: 43336403
B11: Grand Total | C11: 771822628 | E11: Mumbai | F11: 72608840 | H11: Jul | I11: 49448924
E12: Pune | F12: 72950664 | H12: Aug | I12: 39324351
B13: Revenue by Platform | E13: Grand Total | F13: 591117826 | H13: Sep | I13: 45225287
H14: Oct | I14: 49584184
E15: Reach by Region | H15: Nov | I15: 44396754
H16: Dec | I16: 50451533
H17: Grand Total | I17: 771822628
H19: Monthly Revenue Trend
B20: Platform | C20: (All)
B22: Row Labels | C22: Sum of ROI (%) | E22: Row Labels | F22: Sum of Engagement_Rate (%) | H22: Row Labels | I22: Sum of Revenue_Generated (₹)
B23: Beauty | C23: 27827.215 | E23: Facebook | F23: 1917.3215 | H23: Amit Joshi | I23: 33377247
B24: Education | C24: 24412.197 | E24: Instagram | F24: 1911.3869 | H24: Anjali Mehta | I24: 42732671
B25: Fashion | C25: 28294.377 | E25: LinkedIn | F25: 2032.3376 | H25: Arjun Desai | I25: 64491257
B26: Fitness | C26: 26016.173 | E26: X | F26: 2003.7596 | H26: Ayesha Khan | I26: 53084764
B27: Food | C27: 25878.874 | E27: YouTube | F27: 1906.6985 | H27: Karan Shah | I27: 38138142
B28: Gaming | C28: 22360.133 | E28: Grand Total | F28: 9771.5041 | H28: Meera Iyer | I28: 45698665
B29: Technology | C29: 21124.796 | H29: Neha Kulkarni | I29: 58827986
B30: Travel | C30: 28701.644 | E30: Engagement by Platform | H30: Nikhil Patil | I30: 47557787
B31: Grand Total | C31: 204615.41 | H31: Pooja Nair | I31: 50824020
H32: Priya Sharma | I32: 61698972
B33: ROI by Platform | H33: Rahul Verma | I33: 55842453
H34: Rohan Singh | I34: 60483530
H35: Sneha Patil | I35: 61298567
H36: Tanvi Rao | I36: 49917445
B37: Row Labels | C37: Sum of Revenue_Generated (₹) | D37: Sum of Campaign_Cost (₹) | H37: Vikas Gupta | I37: 47849122
B38: Facebook | C38: 147162118 | D38: 47923744 | H38: Grand Total | I38: 771822628
B39: Instagram | C39: 147803218 | D39: 48499375
B40: LinkedIn | C40: 157787409 | D40: 54577171 | H40: Top Influencers
B41: X | C41: 153652781 | D41: 51982498
B42: YouTube | C42: 165417102 | D42: 51729502
B43: Grand Total | C43: 771822628 | D43: 254712290
B45: Cost vs Revenue

Sheet Dashboard
A1: Influencer Marketing Campaign Performance
A4: =COUNTA(Table2[Campaign_ID]) -> 1000 | C4: =SUM(Clean_Data!F976:F1001) -> 12193296 | E4: =SUM(Clean_Data!G976:G1001) -> 26588585 | G4: =SUM(Clean_Data!L976:L1001) -> 6143995 | I4: =SUM(Table2[Revenue_Generated (₹)]) -> 771822628 | K4: =AVERAGE(Clean_Data!N976:N1001) -> 248.68367 | M4: =AVERAGE(Clean_Data!K976:K1001) -> 10.367415
A6: Total Campaign | C6: Total Reach | E6: Total Impressions | G6: Total Cost | I6: Total Revenue | K6: Average ROI | M6: Average Engagement Rate
